idx,tree,svg,png
1,"{1,2,5,7,9}",tree-001.svg,tree-001.png
2,"{1,2,5,7,12}",tree-002.svg,tree-002.png
3,"{1,2,5,8,9}",tree-003.svg,tree-003.png
4,"{1,2,5,8,12}",tree-004.svg,tree-004.png
5,"{1,2,5,9,10}",tree-005.svg,tree-005.png
6,"{1,2,5,9,12}",tree-006.svg,tree-006.png
7,"{1,2,5,10,12}",tree-007.svg,tree-007.png
8,"{1,2,6,7,9}",tree-008.svg,tree-008.png
9,"{1,2,6,7,12}",tree-009.svg,tree-009.png
10,"{1,2,6,8,9}",tree-010.svg,tree-010.png
11,"{1,2,6,8,12}",tree-011.svg,tree-011.png
12,"{1,2,6,9,10}",tree-012.svg,tree-012.png
13,"{1,2,6,9,12}",tree-013.svg,tree-013.png
14,"{1,2,6,10,12}",tree-014.svg,tree-014.png
15,"{1,2,7,9,10}",tree-015.svg,tree-015.png
16,"{1,2,7,10,12}",tree-016.svg,tree-016.png
17,"{1,2,8,9,10}",tree-017.svg,tree-017.png
18,"{1,2,8,10,12}",tree-018.svg,tree-018.png
19,"{1,2,9,10,12}",tree-019.svg,tree-019.png
20,"{1,4,5,7,9}",tree-020.svg,tree-020.png
21,"{1,4,5,7,12}",tree-021.svg,tree-021.png
22,"{1,4,5,8,9}",tree-022.svg,tree-022.png
23,"{1,4,5,8,12}",tree-023.svg,tree-023.png
24,"{1,4,5,9,10}",tree-024.svg,tree-024.png
25,"{1,4,5,9,12}",tree-025.svg,tree-025.png
26,"{1,4,5,10,12}",tree-026.svg,tree-026.png
27,"{1,4,6,7,9}",tree-027.svg,tree-027.png
28,"{1,4,6,7,12}",tree-028.svg,tree-028.png
29,"{1,4,6,8,9}",tree-029.svg,tree-029.png
30,"{1,4,6,8,12}",tree-030.svg,tree-030.png
31,"{1,4,6,9,10}",tree-031.svg,tree-031.png
32,"{1,4,6,9,12}",tree-032.svg,tree-032.png
33,"{1,4,6,10,12}",tree-033.svg,tree-033.png
34,"{1,4,7,9,10}",tree-034.svg,tree-034.png
35,"{1,4,7,10,12}",tree-035.svg,tree-035.png
36,"{1,4,8,9,10}",tree-036.svg,tree-036.png
37,"{1,4,8,10,12}",tree-037.svg,tree-037.png
38,"{1,4,9,10,12}",tree-038.svg,tree-038.png
39,"{1,5,7,8,9}",tree-039.svg,tree-039.png
40,"{1,5,7,8,12}",tree-040.svg,tree-040.png
41,"{1,5,7,9,12}",tree-041.svg,tree-041.png
42,"{1,5,8,9,10}",tree-042.svg,tree-042.png
43,"{1,5,8,10,12}",tree-043.svg,tree-043.png
44,"{1,5,9,10,12}",tree-044.svg,tree-044.png
45,"{1,6,7,8,9}",tree-045.svg,tree-045.png
46,"{1,6,7,8,12}",tree-046.svg,tree-046.png
47,"{1,6,7,9,12}",tree-047.svg,tree-047.png
48,"{1,6,8,9,10}",tree-048.svg,tree-048.png
49,"{1,6,8,10,12}",tree-049.svg,tree-049.png
50,"{1,6,9,10,12}",tree-050.svg,tree-050.png
51,"{1,7,8,9,10}",tree-051.svg,tree-051.png
52,"{1,7,8,10,12}",tree-052.svg,tree-052.png
53,"{1,7,9,10,12}",tree-053.svg,tree-053.png
54,"{2,3,5,7,9}",tree-054.svg,tree-054.png
55,"{2,3,5,7,12}",tree-055.svg,tree-055.png
56,"{2,3,5,8,9}",tree-056.svg,tree-056.png
57,"{2,3,5,8,12}",tree-057.svg,tree-057.png
58,"{2,3,5,9,10}",tree-058.svg,tree-058.png
59,"{2,3,5,9,12}",tree-059.svg,tree-059.png
60,"{2,3,5,10,12}",tree-060.svg,tree-060.png
61,"{2,3,6,7,9}",tree-061.svg,tree-061.png
62,"{2,3,6,7,12}",tree-062.svg,tree-062.png
63,"{2,3,6,8,9}",tree-063.svg,tree-063.png
64,"{2,3,6,8,12}",tree-064.svg,tree-064.png
65,"{2,3,6,9,10}",tree-065.svg,tree-065.png
66,"{2,3,6,9,12}",tree-066.svg,tree-066.png
67,"{2,3,6,10,12}",tree-067.svg,tree-067.png
68,"{2,3,7,9,10}",tree-068.svg,tree-068.png
69,"{2,3,7,10,12}",tree-069.svg,tree-069.png
70,"{2,3,8,9,10}",tree-070.svg,tree-070.png
71,"{2,3,8,10,12}",tree-071.svg,tree-071.png
72,"{2,3,9,10,12}",tree-072.svg,tree-072.png
73,"{2,5,6,7,9}",tree-073.svg,tree-073.png
74,"{2,5,6,7,12}",tree-074.svg,tree-074.png
75,"{2,5,6,8,9}",tree-075.svg,tree-075.png
76,"{2,5,6,8,12}",tree-076.svg,tree-076.png
77,"{2,5,6,9,10}",tree-077.svg,tree-077.png
78,"{2,5,6,9,12}",tree-078.svg,tree-078.png
79,"{2,5,6,10,12}",tree-079.svg,tree-079.png
80,"{2,5,7,9,10}",tree-080.svg,tree-080.png
81,"{2,5,7,10,12}",tree-081.svg,tree-081.png
82,"{2,5,8,9,10}",tree-082.svg,tree-082.png
83,"{2,5,8,10,12}",tree-083.svg,tree-083.png
84,"{2,5,9,10,12}",tree-084.svg,tree-084.png
85,"{3,4,5,7,9}",tree-085.svg,tree-085.png
86,"{3,4,5,7,12}",tree-086.svg,tree-086.png
87,"{3,4,5,8,9}",tree-087.svg,tree-087.png
88,"{3,4,5,8,12}",tree-088.svg,tree-088.png
89,"{3,4,5,9,10}",tree-089.svg,tree-089.png
90,"{3,4,5,9,12}",tree-090.svg,tree-090.png
91,"{3,4,5,10,12}",tree-091.svg,tree-091.png
92,"{3,4,6,7,9}",tree-092.svg,tree-092.png
93,"{3,4,6,7,12}",tree-093.svg,tree-093.png
94,"{3,4,6,8,9}",tree-094.svg,tree-094.png
95,"{3,4,6,8,12}",tree-095.svg,tree-095.png
96,"{3,4,6,9,10}",tree-096.svg,tree-096.png
97,"{3,4,6,9,12}",tree-097.svg,tree-097.png
98,"{3,4,6,10,12}",tree-098.svg,tree-098.png
99,"{3,4,7,9,10}",tree-099.svg,tree-099.png
100,"{3,4,7,10,12}",tree-100.svg,tree-100.png
101,"{3,4,8,9,10}",tree-101.svg,tree-101.png
102,"{3,4,8,10,12}",tree-102.svg,tree-102.png
103,"{3,4,9,10,12}",tree-103.svg,tree-103.png
104,"{3,5,7,8,9}",tree-104.svg,tree-104.png
105,"{3,5,7,8,12}",tree-105.svg,tree-105.png
106,"{3,5,7,9,12}",tree-106.svg,tree-106.png
107,"{3,5,8,9,10}",tree-107.svg,tree-107.png
108,"{3,5,8,10,12}",tree-108.svg,tree-108.png
109,"{3,5,9,10,12}",tree-109.svg,tree-109.png
110,"{3,6,7,8,9}",tree-110.svg,tree-110.png
111,"{3,6,7,8,12}",tree-111.svg,tree-111.png
112,"{3,6,7,9,12}",tree-112.svg,tree-112.png
113,"{3,6,8,9,10}",tree-113.svg,tree-113.png
114,"{3,6,8,10,12}",tree-114.svg,tree-114.png
115,"{3,6,9,10,12}",tree-115.svg,tree-115.png
116,"{3,7,8,9,10}",tree-116.svg,tree-116.png
117,"{3,7,8,10,12}",tree-117.svg,tree-117.png
118,"{3,7,9,10,12}",tree-118.svg,tree-118.png
119,"{4,5,6,7,9}",tree-119.svg,tree-119.png
120,"{4,5,6,7,12}",tree-120.svg,tree-120.png
121,"{4,5,6,8,9}",tree-121.svg,tree-121.png
122,"{4,5,6,8,12}",tree-122.svg,tree-122.png
123,"{4,5,6,9,10}",tree-123.svg,tree-123.png
124,"{4,5,6,9,12}",tree-124.svg,tree-124.png
125,"{4,5,6,10,12}",tree-125.svg,tree-125.png
126,"{4,5,7,9,10}",tree-126.svg,tree-126.png
127,"{4,5,7,10,12}",tree-127.svg,tree-127.png
128,"{4,5,8,9,10}",tree-128.svg,tree-128.png
129,"{4,5,8,10,12}",tree-129.svg,tree-129.png
130,"{4,5,9,10,12}",tree-130.svg,tree-130.png
131,"{5,6,7,8,9}",tree-131.svg,tree-131.png
132,"{5,6,7,8,12}",tree-132.svg,tree-132.png
133,"{5,6,7,9,12}",tree-133.svg,tree-133.png
134,"{5,6,8,9,10}",tree-134.svg,tree-134.png
135,"{5,6,8,10,12}",tree-135.svg,tree-135.png
136,"{5,6,9,10,12}",tree-136.svg,tree-136.png
137,"{5,7,8,9,10}",tree-137.svg,tree-137.png
138,"{5,7,8,10,12}",tree-138.svg,tree-138.png
139,"{5,7,9,10,12}",tree-139.svg,tree-139.png
